<?xml version="1.0" encoding="UTF-8" standalone="yes" ?>
<fonts>
    <font>
        <filename>Amazon Ember - regular.ttf</filename>
        <familyname>Amazon Ember</familyname>
    </font>
    <font>
        <filename>Aptos - regular.ttf</filename>
        <familyname>Aptos</familyname>
    </font>
    <font>
        <filename>Arimo - regular.ttf</filename>
        <familyname>Arimo</familyname>
    </font>
    <font>
        <filename>Arvo - regular.ttf</filename>
        <familyname>Arvo</familyname>
    </font>
    <font>
        <filename>Atkinson Hyperlegible - regular.ttf</filename>
        <familyname>Atkinson Hyperlegible</familyname>
    </font>
    <font>
        <filename>Avenir - regular.ttf</filename>
        <familyname>Avenir</familyname>
    </font>
    <font>
        <filename>Calibri - regular.ttf</filename>
        <familyname>Calibri</familyname>
    </font>
    <font>
        <filename>Fira Sans - regular.ttf</filename>
        <familyname>Fira Sans</familyname>
    </font>
    <font>
        <filename>Futura Md BT - medium.ttf</filename>
        <familyname>Futura</familyname>
    </font>
    <font>
        <filename>Gill Sans MT - regular.ttf</filename>
        <familyname>Gill Sans</familyname>
    </font>
    <font>
        <filename>Gilroy - regular.ttf</filename>
        <familyname>Gilroy</familyname>
    </font>
    <font>
        <filename>Helvetica - regular.ttf</filename>
        <familyname>Helvetica</familyname>
    </font>
    <font>
        <filename>IBM Plex Mono - regular.otf</filename>
        <familyname>IBM Plex Mono</familyname>
    </font>
    <font>
        <filename>IBM Plex Sans - regular.otf</filename>
        <familyname>IBM Plex Sans</familyname>
    </font>
    <font>
        <filename>IBM Plex Serif - regular.otf</filename>
        <familyname>IBM Plex Serif</familyname>
    </font>
    <font>
        <filename>Inter - regular.ttf</filename>
        <familyname>Inter</familyname>
    </font>
    <font>
        <filename>Karla - regular.ttf</filename>
        <familyname>Karla</familyname>
    </font>
    <font>
        <filename>Lato - medium.ttf</filename>
        <familyname>Lato</familyname>
    </font>
    <font>
        <filename>Lucida Grande - regular.ttf</filename>
        <familyname>Lucida Grande</familyname>
    </font>
    <font>
        <filename>Merriweather - regular.ttf</filename>
        <familyname>Merriweather</familyname>
    </font>
    <font>
        <filename>Metropolis - regular.ttf</filename>
        <familyname>Metropolis</familyname>
    </font>
    <font>
        <filename>Montserrat - regular.ttf</filename>
        <familyname>Montserrat</familyname>
    </font>
    <font>
        <filename>Noto Sans - regular.ttf</filename>
        <familyname>Noto Sans</familyname>
    </font>
    <font>
        <filename>Noto Serif - regular.ttf</filename>
        <familyname>Noto Serif</familyname>
    </font>
    <font>
        <filename>Open Sans - regular.ttf</filename>
        <familyname>Open Sans</familyname>
    </font>
    <font>
        <filename>Outfit - regular.ttf</filename>
        <familyname>Outfit</familyname>
    </font>
    <font>
        <filename>Overpass - regular.ttf</filename>
        <familyname>Overpass</familyname>
    </font>
    <font>
        <filename>Poppins - regular.ttf</filename>
        <familyname>Poppins</familyname>
    </font>
    <font>
        <filename>PT Sans - regular.ttf</filename>
        <familyname>PT Sans</familyname>
    </font>
    <font>
        <filename>PT Serif - regular.ttf</filename>
        <familyname>PT Serif</familyname>
    </font>
    <font>
        <filename>Roboto - regular.ttf</filename>
        <familyname>Roboto</familyname>
    </font>
    <font>
        <filename>Rubik - regular.ttf</filename>
        <familyname>Rubik</familyname>
    </font>
    <font>
        <filename>Segoe UI - regular.ttf</filename>
        <familyname>Segoe UI</familyname>
    </font>
    <font>
        <filename>SF Pro - regular.ttf</filename>
        <familyname>San Francisco Pro</familyname>
    </font>
    <font>
        <filename>Source Sans Pro - regular.ttf</filename>
        <familyname>Source Sans Pro</familyname>
    </font>
    <font>
        <filename>Tahoma - regular.ttf</filename>
        <familyname>Tahoma</familyname>
    </font>
    <font>
        <filename>Tiresias Infofont - regular.ttf</filename>
        <familyname>Tiresias Infofont</familyname>
    </font>
    <font>
        <filename>Ubuntu - regular.ttf</filename>
        <familyname>Ubuntu</familyname>
    </font>
    <font>
        <filename>Verdana - regular.ttf</filename>
        <familyname>Verdana</familyname>
    </font>
    <font>
        <filename>Work Sans - regular.ttf</filename>
        <familyname>Work Sans</familyname>
    </font>
</fonts>