<addon id="script.module.viperscrapers" 
		name="Viper Scrapers" 
		version="1.4.1" 
		provider-name="Jax">
	<requires>
		<import addon="xbmc.python" version="3.0.0" />
		<import addon="script.module.requests" />
	</requires>
	<extension point="xbmc.python.pluginsource" library="lib/default.py">
		<provides>executable</provides>
	</extension> 
	<extension point="xbmc.service" library="lib/service.py" start="startup" />
	<extension point="xbmc.python.module" library="lib" />
	<extension point="xbmc.addon.metadata">
		<reuselanguageinvoker>false</reuselanguageinvoker>
		<summary lang="en">External Scrapers Module</summary>
		<description>This module is a fork of CoCoScrapers with new scrapers from Kodifitzwell installed[CR]Credits to the develpers involved from former Fenom and CoCoScraper coders to current coders of CocoScrapers and of course, Kodifitzwell.[CR]Compatible with Fen, Fen Light, Umbrella and any other add-ons currently using the CoCoScrapers option.</description>
		<platform>all</platform>
		<license>GNU GENERAL PUBLIC LICENSE. Version 3, 29 June 2007</license>
		<disclaimer lang="en">This module simply scans for internet sources that matches common metadata.</disclaimer>
		<assets>
			<icon>icon.png</icon>
			<fanart>fanart.jpg</fanart>
		</assets>
		<news>
- Added a Providers Results Test
- Removed dead scrapers
		</news>
	</extension>
</addon>