<?xml version="1.0" encoding="UTF-8" standalone="yes"?>
<addon id="script.fonts.installer" version="1.1.0" name="Extra SubFonts" provider-name="dEXE">
	<requires>
		<import addon="xbmc.python" version="3.0.0"/>
	</requires>
	<extension point="xbmc.python.script" library="default.py" />
	<extension point="xbmc.addon.metadata">
		<summary lang="en_GB">Kodi Extra Subtitle Fonts Installer</summary>
		<description lang="en_GB">Installing and uninstalling custom fonts for subtitles (40):[CR][CR]Amazon Ember, Aptos, Arimo, Arvo, Atkinson Hyperlegible, Avenir, Calibri, Fira Sans, Futura, Gill Sans, Gilroy, Helvetica, IBM Plex Mono, IBM Plex Sans, IBM Plex Serif, Inter, Karla, Lato, Lucida Grande, Merriweather, Metropolis, Montserrat, Noto Sans, Noto Serif, Open Sans, Outfit, Overpass, Poppins, PT Sans, PT Serif, Roboto, Rubik, San Francisco Pro, Segoe UI, Source Sans Pro, Tahoma, Tiresias Infofont, Ubuntu, Verdana, Work Sans.</description>
		<disclaimer lang="en_GB">Simply run the addon to install additional fonts. Run again to uninstall.</disclaimer>
		<license>GPL-3.0-only</license>
		<platform>all</platform>
		<language>en</language>
		<assets>
			<icon>icon.png</icon>
		</assets>
		<news>[B]v1.1.0 (2026-02-18)[/B]
- Complete code reconstruction
- New fonts added with updated naming for consistency, now 40 fonts total
- Improved install/uninstall stability and tracking with user-friendly dialogs
- Smart fontcache merging preserves existing user fonts
- NOTE: If upgrading from previous version of addon, uninstall old fonts first to avoid duplicates

[B]v1.0.0 (2024-11-25)[/B]
- Initial release
- Simple one-click install/uninstall script
- 19 professional subtitle fonts included
- Cross-platform compatibility
</news>
	</extension>
</addon>