<?xml version="1.0" encoding="UTF-8" standalone="yes"?>
<addon id="context.themoviedb.helper" version="2.0.0a" name="TMDbHelper - Additional Context Menu Items" provider-name="jurialmunkey">
    <requires>
        <import addon="xbmc.python" version="3.0.0" />
        <import addon="plugin.video.themoviedb.helper" version="6.9.5" />
    </requires>
    <extension point="kodi.context.item">
        <menu id="kodi.core.main">
            <menu>
                <label>$ADDON[context.themoviedb.helper 32000]...</label>
                <item library="context.py" args="play_using">
                    <label>$ADDON[plugin.video.themoviedb.helper 32322]</label>
                    <visible>[String.IsEqual(ListItem.dbtype,episode) | String.IsEqual(ListItem.dbtype,movie)]</visible>
                </item>
                <item library="context.py" args="related_lists">
                    <label>$ADDON[plugin.video.themoviedb.helper 32235]</label>
                    <visible>[String.IsEqual(ListItem.dbtype,episode) | String.IsEqual(ListItem.dbtype,tvshow) | String.IsEqual(ListItem.dbtype,movie)]</visible>
                </item>
                <item library="context.py" args="sync_trakt">
                    <label>$ADDON[plugin.video.themoviedb.helper 32295]</label>
                    <visible>[String.IsEqual(ListItem.dbtype,episode) | String.IsEqual(ListItem.dbtype,tvshow) | String.IsEqual(ListItem.dbtype,movie)]</visible>
                </item>
                <item library="context.py" args="refresh_details">
                    <label>$ADDON[plugin.video.themoviedb.helper 32233]</label>
                    <visible>[String.IsEqual(ListItem.dbtype,episode) | String.IsEqual(ListItem.dbtype,tvshow) | String.IsEqual(ListItem.dbtype,movie)]</visible>
                </item>
                <item library="context.py" args="modify_identifier">
                    <label>$ADDON[context.themoviedb.helper 32001]</label>
                    <visible>[Skin.HasSetting(TMDbHelper.Service)]</visible>
                </item>
                <item library="context.py" args="revoke_trakt">
                    <label>$ADDON[context.themoviedb.helper 32002]</label>
                    <visible>[!String.IsEmpty(Window(Home).Property(TMDbHelper.TraktIsAuth))]</visible>
                </item>
                <item library="context.py" args="invalidate_trakt_sync">
                    <label>$ADDON[context.themoviedb.helper 32003]</label>
                    <visible>[!String.IsEmpty(Window(Home).Property(TMDbHelper.TraktIsAuth))]</visible>
                </item>
                <item library="context.py" args="authenticate_trakt">
                    <label>$ADDON[context.themoviedb.helper 32004]</label>
                    <visible>[String.IsEmpty(Window(Home).Property(TMDbHelper.TraktIsAuth))]</visible>
                </item>
                <item library="context.py" args="add_to_library">
                    <label>$ADDON[context.themoviedb.helper 32005]</label>
                    <visible>[String.IsEqual(ListItem.dbtype,episode) | String.IsEqual(ListItem.dbtype,tvshow) | String.IsEqual(ListItem.dbtype,movie)]</visible>
                </item>
                <item library="context.py" args="open_settings">
                    <label>$LOCALIZE[5]</label>
                    <visible>True</visible>
                </item>
            </menu>
        </menu>
    </extension>
    <extension point="xbmc.addon.metadata">
        <summary lang="en">Additional context menu items for TMDbHelper</summary>
        <description lang="en">Adds additional TMDbHelper context menu items
        </description>
        <platform>all</platform>
        <license>GPL-3.0-or-later</license>
        <website>https://github.com/jurialmunkey/plugin.video.themoviedb.helper</website>
        <forum>https://forum.kodi.tv/showthread.php?tid=345847</forum>
        <source></source>
        <disclaimer lang="en"></disclaimer>
        <assets>
            <icon>icon.png</icon>
            <fanart>fanart.jpg</fanart>
        </assets>
    </extension>
</addon>
