<?xml version="1.0" encoding="UTF-8" standalone="yes"?>
<addon id="plugin.program.buildzipper" name="Build Zipper Backup" version="1.0" provider-name="Jax">
	<requires>
		<import addon="xbmc.python" version="3.0.0"/>
		<import addon="script.module.requests" optional="true" />
	</requires>
	<extension point="xbmc.python.pluginsource" library="addon.py">
		<provides>executable</provides>
	</extension>
	<extension point="xbmc.addon.metadata">
		<summary lang="en_GB">Backup/Copy Your Build</summary>
		<description lang="en_GB">A simple little utility to backup your complete Kodi build into one zip file, quick and easy.[CR]You can change the default zip file storage to any local location you choose, accessible by your device like a downloads folder or thumb drive.[CR]It is recommended you restore to the same version of Kodi you backed up from to avoid potential version conflicts.</description>
		<disclaimer lang="en_GB">Uses code from the SimpleWizard add-on</disclaimer>
		<language>en</language>
		<platform>all</platform>
		<license>GPL-2.0-or-later</license>
		<news></news>
		<assets>
			<icon>icon.png</icon>
		</assets>
	</extension>
</addon>