<?xml version="1.0" encoding="UTF-8" standalone="yes"?>
<addon id="plugin.program.openwizard" name="OpenWizard" version="2.0.9" provider-name="Group Effort">
    <requires>
        <import addon="xbmc.python" version="3.0.0" />
        <import addon="script.module.requests" />
        <import addon="script.module.six" />
        <import addon="script.kodi.android.update" optional="true" version="1.1.7" />
        <import addon="script.speedtester" optional="true" version="1.1.3" />
    </requires>
    
    <extension point="xbmc.python.pluginsource" library="default.py">
        <provides>executable</provides>
    </extension>
    
    <extension point="xbmc.service" library="startup.py" start="startup" />
    
    <extension point="xbmc.addon.metadata">
        <summary lang="en">Maintenance Wizard for Kodi 19/20/21</summary>
        <description lang="en">[COLOR khaki]OpenWizard[/COLOR] offers many maintenance features, selective add-on data saving, and automated build installs. Perfect for keeping your Kodi running and distributing your own builds. You can also customize this add-on to make it your own.[CR]Many thanks to the developers drinfernoo and slamious for bringing us the Leia and Matrix versions of this add-on.</description>
        <platform>all</platform>
        <reuselanguageinvoker>false</reuselanguageinvoker>
        <source>https://www.github.com/a4k-openproject/plugin.program.openwizard/</source>
        <news>
2.0.9
 - Updated to include Kodi 21 Omega Builds
2.0.8
 - Updated to include Kodi 20 Nexus Builds
2.0.7
 - Final version by Dr Inferno
        </news>
        <assets>
            <icon>icon.png</icon>
            <fanart>fanart.jpg</fanart>
        </assets>
    </extension>
</addon>
