<?xml version="1.0" encoding="UTF-8" standalone="yes"?>
<addon id="context.youtube.trailers" name="YouTube Trailers - Context Menu" version="1.0" provider-name="Jax">
    <requires>
        <import addon="script.module.requests" version="2.19.1" />
        <import addon="plugin.video.youtube" version="7.2.0" />
    </requires>
    <extension point="kodi.context.item">
        <menu id="kodi.core.main">
            <item library="autoplay.py">
                <label>32000</label>
                <visible>
                    String.IsEqual(Window(home).Property(context.trailer.autoplay),true) +
                    [String.IsEqual(ListItem.dbtype,movie) | String.IsEqual(ListItem.dbtype,tvshow) | String.IsEqual(ListItem.dbtype,episode)] +
                    !String.IsEmpty(ListItem.Trailer)
                </visible>
            </item>
            <item library="selectplay.py">
                <label>32001</label>
                <visible>
                    String.IsEqual(Window(home).Property(context.trailer.selectplay),true) +
                    [String.IsEqual(ListItem.dbtype,movie) | String.IsEqual(ListItem.dbtype,tvshow) | String.IsEqual(ListItem.dbtype,episode)]
                </visible>
            </item>
        </menu>
    </extension>
    <extension point="xbmc.service" library="service.py" />
    <extension point="kodi.addon.metadata">
        <summary lang="en">Global Context Trailers Menu</summary>
        <description lang="en">Adds a global Kodi context menu entry for movies or shows that have a trailer on YouTube. Use from any add-on or widget. Configure settings for Select and/or Autoplay, Windowed or Fullscreen play.[CR]This is a fork of Venom's original add-on and may already be built into current Venom fork add-ons. </description>
        <platform>all</platform>
        <license>GNU GENERAL PUBLIC LICENSE. Version 3, 29 June 2007</license>
        <disclaimer lang="en">Requires a working version of the YouTube Add-on</disclaimer>
        <assets>
            <icon>icon.png</icon>
            <fanart>fanart.jpg</fanart>
        </assets>
        <news>
v1.0 - Initial Release
        </news>
    </extension>
</addon>
